{
  "connectorName": "file",
  "operationName": "getLastModifiedTime",
  "title": "Get Last Modified Time",
  "help": "<h1>Get Last Modified Time</h1><b>The getLastModifiedTime operation returns last modified time of a file/folder.</b><br><br><ul><li><a href=\"https://ei.docs.wso2.com/en/latest/micro-integrator/references/connectors/file-connector/file-connector-config/\"> More Help </a></li></ul>",
  "elements": [
    {
      "type": "attributeGroup",
      "value": {
        "groupName": "General",
        "elements": [
          {
            "type": "attributeGroup",
            "value": {
              "groupName": "Basic",
              "elements": [
                {
                  "type": "attribute",
                  "value": {
                    "name": "source",
                    "displayName": "Source",
                    "inputType": "stringOrExpression",
                    "defaultValue": "",
                    "required": "true",
                    "helpTip": "The location of the file."
                  }
                }
              ]
            }
          }
        ]
      }
    }
  ]
}
