{
  "connectorName": "file",
  "operationName": "splitFile",
  "title": "Split File",
  "help": "<h1>Split File</h1><b>The splitFile operation splits a file into multiple chunks.</b><br><br><ul><li><a href=\"https://ei.docs.wso2.com/en/latest/micro-integrator/references/connectors/file-connector/file-connector-config/\"> More Help </a></li></ul>",
  "elements": [
    {
      "type": "attributeGroup",
      "value": {
        "groupName": "General",
        "elements": [
          {
            "type": "attributeGroup",
            "value": {
              "groupName": "Basic",
              "elements": [
                {
                  "type": "attribute",
                  "value": {
                    "name": "source",
                    "displayName": "Source",
                    "inputType": "stringOrExpression",
                    "defaultValue": "",
                    "required": "true",
                    "helpTip": "The location of the file."
                  }
                },
                {
                  "type": "attribute",
                  "value": {
                    "name": "destination",
                    "displayName": "Destination",
                    "inputType": "stringOrExpression",
                    "defaultValue": "",
                    "required": "true",
                    "helpTip": "The location to write the file."
                  }
                },
                {
                  "type": "attribute",
                  "value": {
                    "name": "chunkSize",
                    "displayName": "Chunk Size",
                    "inputType": "stringOrExpression",
                    "defaultValue": "",
                    "required": "true",
                    "helpTip": "The chunk size in bytes to split the file. This is to split the file based on chunk size. You should provide either chunkSize or numberOfLines to split the file."
                  }
                },
                {
                  "type": "attribute",
                  "value": {
                    "name": "numberOfLines",
                    "displayName": "Number of Lines",
                    "inputType": "stringOrExpression",
                    "defaultValue": "",
                    "required": "true",
                    "helpTip": "The number of lines per file. This is to split the file based on the number of lines. You should provide either chunkSize or numberOfLines to split the file."
                  }
                },
                {
                  "type": "attribute",
                  "value": {
                    "name": "xpathExpression",
                    "displayName": "XPath Expression",
                    "inputType": "stringOrExpression",
                    "defaultValue": "",
                    "required": "true",
                    "helpTip": "Defines a pattern in order to select a set of nodes in XML document."
                  }
                }
              ]
            }
          }
        ]
      }
    }
  ]
}
