{
  "$schema":"http:\/\/wso2.org\/json-schema\/wso2-data-mapper-v5.0.0\/schema#",
  "id":"http:\/\/wso2jsonschema.org",
  "title":"root",
  "type":"object",
  "properties":{
    "source":{
      "id":"http:\/\/wso2jsonschema.org\/source",
      "type":"string"
    },
    "destination":{
      "id":"http:\/\/wso2jsonschema.org\/destination",
      "type":"string"
    },
    "filePattern":{
      "id":"http:\/\/wso2jsonschema.org\/filePattern",
      "type":"string",
      "nullable":"true"
    },
    "setTimeout":{
      "id":"http:\/\/wso2jsonschema.org\/setTimeout",
      "type":"string",
      "nullable":"true"
    },
    "setPassiveMode":{
      "id":"http:\/\/wso2jsonschema.org\/setPassiveMode",
      "type":"string",
      "nullable":"true"
    },
    "setUserDirIsRoot":{
      "id":"http:\/\/wso2jsonschema.org\/setUserDirIsRoot",
      "type":"string",
      "nullable":"true"
    },
    "setSoTimeout":{
      "id":"http:\/\/wso2jsonschema.org\/setSoTimeout",
      "type":"string",
      "nullable":"true"
    },
    "setStrictHostKeyChecking":{
      "id":"http:\/\/wso2jsonschema.org\/setStrictHostKeyChecking",
      "type":"string",
      "nullable":"true"
    },
    "includeParentDirectory":{
      "id":"http:\/\/wso2jsonschema.org\/includeParentDirectory",
      "type":"string",
      "nullable":"true"
    },
    "sftpIdentities":{
      "id":"http:\/\/wso2jsonschema.org\/sftpIdentities",
      "type":"string",
      "nullable":"true"
    },
    "sftpIdentityPassphrase":{
      "id":"http:\/\/wso2jsonschema.org\/sftpIdentityPassphrase",
      "type":"string",
      "nullable":"true"
    },
    "includeSubDirectories":{
      "id":"http:\/\/wso2jsonschema.org\/includeSubDirectories",
      "type":"string",
      "nullable":"true"
    }
  }
}
